# command	arabic	mode	implementation	source
ls	عرض	native	chimera-cmd	SS64/Linux
cd	دخول	shell	cd	SS64/Linux
pwd	موقعي	native	chimera-cmd	SS64/Linux
cp	نسخ	native	chimera-cmd	SS64/Linux
mv	نقل	native	chimera-cmd	SS64/Linux
rm	حذف	native	chimera-cmd	SS64/Linux
mkdir	مجلد	native	chimera-cmd	SS64/Linux
touch	ملف	native	chimera-cmd	SS64/Linux
cat	اقرأ	native	chimera-cmd	SS64/Linux
clear	مسح	native	chimera-cmd	SS64/Linux
find	ابحث	compat	find	SS64/Linux
grep	فتش	compat	grep	SS64/Linux
ps	عمليات	compat	ps	SS64/Linux
kill	انهاء	compat	kill	SS64/Linux
mount	اربط	compat	mount	SS64/Linux
umount	افصل	compat	umount	SS64/Linux
chmod	صلاحيات	compat	chmod	SS64/Linux
chown	مالك	compat	chown	SS64/Linux
df	مساحة	compat	df	SS64/Linux
du	حجم	compat	du	SS64/Linux
top	مراقبة	compat	top	SS64/Linux
tar	أرشفة	compat	tar	SS64/Linux
gzip	ضغط	compat	gzip	SS64/Linux
ssh	اتصال_آمن	compat	ssh	SS64/Linux
scp	نسخ_آمن	compat	scp	SS64/Linux
dir	عرض	windows	cmd:dir	SS64/Windows
copy	نسخ	windows	cmd:copy	SS64/Windows
del	حذف	windows	cmd:del	SS64/Windows
move	نقل	windows	cmd:move	SS64/Windows
cls	مسح	windows	cmd:cls	SS64/Windows
ipconfig	شبكة_ويندوز	windows	ipconfig.exe	SS64/Windows
tasklist	قائمة_المهام	windows	tasklist.exe	SS64/Windows
taskkill	إنهاء_مهمة	windows	taskkill.exe	SS64/Windows
systeminfo	معلومات_النظام	windows	systeminfo.exe	SS64/Windows
where	أين	windows	where.exe	SS64/Windows
Get-Command	احصل_على_الأوامر	powershell	powershell:Get-Command	SS64/PowerShell
Get-ChildItem	استعرض_العناصر	powershell	powershell:Get-ChildItem	SS64/PowerShell
Get-Process	احصل_على_العمليات	powershell	powershell:Get-Process	SS64/PowerShell
Get-Service	احصل_على_الخدمات	powershell	powershell:Get-Service	SS64/PowerShell
Get-Location	احصل_على_الموقع	powershell	powershell:Get-Location	SS64/PowerShell
brew	حزم_ماك	macos	brew	SS64/macOS
xattr	خصائص_ماك	macos	xattr	SS64/macOS
xcrun	أدوات_ماك	macos	xcrun	SS64/macOS
xcode-select	اختيار_إكس_كود	macos	xcode-select	SS64/macOS
open	فتح	macos	open	SS64/macOS
